Workbook

Sheet Parametros
A1: PARÁMETROS DE DISEÑO E INGENIERÍA DE TRÁFICO — XCIEN Saltillo
A2: Parámetro | B2: Valor | C2: Notas
A3: Penetración objetivo de mercado | B3: 0.05 | C3: 5% de las unidades económicas (INEGI 2025)
A4: Sobresuscripción (OB) | B4: 4 | C4: Relación 4:1 sobre el ancho de banda comprometido
A5: Velocidad de referencia por usuario | B5: 200 / 200 Mbps | C5: Servicio dedicado simétrico
A6: Canales CWDM por hilo de FO | B6: 9 | C6: 9 clientes (λ) por hilo — input del reto
A7: Ocupación objetivo de acceso | B7: 0.6 | C7: Meta de llenado de λ antes de crecer (OADM)
A8: Umbral Amarillo (saturación) | B8: 0.6 | C8: Ocupación/utilización 60–80%
A9: Umbral de crecimiento | B9: 0.7 | C9: Disparar crecimiento bajo demanda al superar 70%
A10: Umbral Rojo (saturación) | B10: 0.8 | C10: Ocupación/utilización > 80%
A11: Capacidad base del anillo de transporte | B11: 10 Gbps | C11: Crecimiento a 20 / 100 Gbps
A12: Capacidad objetivo salidas a Internet | B12: 100 Gbps | C12: Esquema DRP (2 IP Transit + 1 LD Mty)
A13: Fibra óptica | B13: 48 hilos (24 acceso) | C13: 24 hilos dedicados a la red de acceso CWDM
A15: DIMENSIONAMIENTO — CÁLCULO DE TRÁFICO Y SALIDA A INTERNET (penetración 5%, OB 4:1)
A16: Segmento | B16: Empresas (mercado) | C16: Capacidad x cliente (Mbps) | D16: Clientes (5%) | E16: BW comprometido (Mbps) | F16: BW efectivo c/OB (Mbps)
A17: Micro | B17: 37648 | C17: 20 | D17: =ROUND(B17*$B$3,0) -> 1882 | E17: =D17*C17 -> 37640 | F17: =E17/$B$4 -> 9410
A18: PyMe | B18: 873 | C18: 100 | D18: =ROUND(B18*$B$3,0) -> 44 | E18: =D18*C18 -> 4400 | F18: =E18/$B$4 -> 1100
A19: Empresarial | B19: 268 | C19: 200 | D19: =ROUND(B19*$B$3,0) -> 13 | E19: =D19*C19 -> 2600 | F19: =E19/$B$4 -> 650
A20: Corporativo | B20: 225 | C20: 1024 | D20: =ROUND(B20*$B$3,0) -> 11 | E20: =D20*C20 -> 11264 | F20: =E20/$B$4 -> 2816
A21: TOTAL | B21: =SUM(B17:B20) -> 39014 | D21: =SUM(D17:D20) -> 1950 | E21: =SUM(E17:E20) -> 55904 | F21: =SUM(F17:F20) -> 13976
A23: Salida a Internet requerida (Gbps) | B23: =F21/1000 -> 13.976 | C23: BW efectivo total ÷ 1000 — contra objetivo de 100 Gbps

Sheet Nodos
A1: CAPACIDAD Y SATURACIÓN POR NODO (PoP / Hub)
A2: Hostname | B2: Región | C2: Rol | D2: Cap. Uplink Transp. (Gbps) | E2: Tráfico Comprom. (Gbps) | F2: % Sat. Transporte | G2: Nivel Transporte | H2: Hilos Acceso Asig. | I2: OADMs | J2: λ Capacidad | K2: Clientes / λ Usadas | L2: % Ocup. Acceso | M2: Nivel Acceso
A3: RN1 | B3: Norte | C3: Router Core / Hub | D3: 20 | E3: 12.5 | F3: =E3/D3 -> 0.625 | G3: =IF(F3<0.6,"Verde",IF(F3<=0.8,"Amarillo","Rojo")) -> Amarillo | H3: 24 | I3: 5 | J3: =I3*Parametros!$B$6 -> 45 | K3: =COUNTIFS(Clientes!$E:$E,A3) -> 31 | L3: =K3/J3 -> 0.68888889 | M3: =IF(L3<0.6,"Verde",IF(L3<=0.8,"Amarillo","Rojo")) -> Amarillo
A4: RN3 | B4: Norte | C4: Router Hub | D4: 20 | E4: 16.8 | F4: =E4/D4 -> 0.84 | G4: =IF(F4<0.6,"Verde",IF(F4<=0.8,"Amarillo","Rojo")) -> Rojo | H4: 24 | I4: 4 | J4: =I4*Parametros!$B$6 -> 36 | K4: =COUNTIFS(Clientes!$E:$E,A4) -> 31 | L4: =K4/J4 -> 0.86111111 | M4: =IF(L4<0.6,"Verde",IF(L4<=0.8,"Amarillo","Rojo")) -> Rojo
A5: SW-NORTE-1 | B5: Norte | C5: Switch Distribución / Hub | D5: 10 | E5: 5.2 | F5: =E5/D5 -> 0.52 | G5: =IF(F5<0.6,"Verde",IF(F5<=0.8,"Amarillo","Rojo")) -> Verde | H5: 24 | I5: 3 | J5: =I5*Parametros!$B$6 -> 27 | K5: =COUNTIFS(Clientes!$E:$E,A5) -> 14 | L5: =K5/J5 -> 0.51851852 | M5: =IF(L5<0.6,"Verde",IF(L5<=0.8,"Amarillo","Rojo")) -> Verde
A6: SW-NORTE-2 | B6: Norte | C6: Switch Distribución / Hub | D6: 10 | E6: 7.6 | F6: =E6/D6 -> 0.76 | G6: =IF(F6<0.6,"Verde",IF(F6<=0.8,"Amarillo","Rojo")) -> Amarillo | H6: 24 | I6: 3 | J6: =I6*Parametros!$B$6 -> 27 | K6: =COUNTIFS(Clientes!$E:$E,A6) -> 21 | L6: =K6/J6 -> 0.77777778 | M6: =IF(L6<0.6,"Verde",IF(L6<=0.8,"Amarillo","Rojo")) -> Amarillo
A7: R05 | B7: Oeste | C7: Router Agregación / Hub | D7: 10 | E7: 4.1 | F7: =E7/D7 -> 0.41 | G7: =IF(F7<0.6,"Verde",IF(F7<=0.8,"Amarillo","Rojo")) -> Verde | H7: 24 | I7: 3 | J7: =I7*Parametros!$B$6 -> 27 | K7: =COUNTIFS(Clientes!$E:$E,A7) -> 12 | L7: =K7/J7 -> 0.44444444 | M7: =IF(L7<0.6,"Verde",IF(L7<=0.8,"Amarillo","Rojo")) -> Verde
A8: R06 | B8: Oeste | C8: Router Agregación / Hub | D8: 10 | E8: 6.8 | F8: =E8/D8 -> 0.68 | G8: =IF(F8<0.6,"Verde",IF(F8<=0.8,"Amarillo","Rojo")) -> Amarillo | H8: 24 | I8: 2 | J8: =I8*Parametros!$B$6 -> 18 | K8: =COUNTIFS(Clientes!$E:$E,A8) -> 15 | L8: =K8/J8 -> 0.83333333 | M8: =IF(L8<0.6,"Verde",IF(L8<=0.8,"Amarillo","Rojo")) -> Rojo
A9: RS9 | B9: Este | C9: Router Borde / Hub | D9: 10 | E9: 3.2 | F9: =E9/D9 -> 0.32 | G9: =IF(F9<0.6,"Verde",IF(F9<=0.8,"Amarillo","Rojo")) -> Verde | H9: 24 | I9: 2 | J9: =I9*Parametros!$B$6 -> 18 | K9: =COUNTIFS(Clientes!$E:$E,A9) -> 7 | L9: =K9/J9 -> 0.38888889 | M9: =IF(L9<0.6,"Verde",IF(L9<=0.8,"Amarillo","Rojo")) -> Verde
A10: R07 | B10: Sur | C10: Router Agregación / Hub | D10: 20 | E10: 13.5 | F10: =E10/D10 -> 0.675 | G10: =IF(F10<0.6,"Verde",IF(F10<=0.8,"Amarillo","Rojo")) -> Amarillo | H10: 24 | I10: 4 | J10: =I10*Parametros!$B$6 -> 36 | K10: =COUNTIFS(Clientes!$E:$E,A10) -> 26 | L10: =K10/J10 -> 0.72222222 | M10: =IF(L10<0.6,"Verde",IF(L10<=0.8,"Amarillo","Rojo")) -> Amarillo
A11: RS8 | B11: Sur | C11: Router Borde / Hub | D11: 10 | E11: 8.9 | F11: =E11/D11 -> 0.89 | G11: =IF(F11<0.6,"Verde",IF(F11<=0.8,"Amarillo","Rojo")) -> Rojo | H11: 24 | I11: 3 | J11: =I11*Parametros!$B$6 -> 27 | K11: =COUNTIFS(Clientes!$E:$E,A11) -> 23 | L11: =K11/J11 -> 0.85185185 | M11: =IF(L11<0.6,"Verde",IF(L11<=0.8,"Amarillo","Rojo")) -> Rojo

Sheet OADMs
A1: RED DE ACCESO CWDM — OADMs / λ POR HILO DE FO
A2: OADM_ID | B2: Nodo Hub | C2: Región | D2: Modelo | E2: Hilo FO | F2: λ Capacidad | G2: λ / Clientes Usados | H2: % Ocupación | I2: Nivel
A3: OADM-RN1-1 | B3: RN1 | C3: Norte | D3: Raisecom RC-OADM CWDM 1:4/1:8 (Pasivo) | E3: H01 | F3: 9 | G3: =COUNTIFS(Clientes!$F:$F,A3) -> 9 | H3: =G3/F3 -> 1 | I3: =IF(H3<0.6,"Verde",IF(H3<=0.8,"Amarillo","Rojo")) -> Rojo
A4: OADM-RN1-2 | B4: RN1 | C4: Norte | D4: Raisecom RC-OADM CWDM 1:4/1:8 (Pasivo) | E4: H02 | F4: 9 | G4: =COUNTIFS(Clientes!$F:$F,A4) -> 8 | H4: =G4/F4 -> 0.88888889 | I4: =IF(H4<0.6,"Verde",IF(H4<=0.8,"Amarillo","Rojo")) -> Rojo
A5: OADM-RN1-3 | B5: RN1 | C5: Norte | D5: Raisecom RC-OADM CWDM 1:4/1:8 (Pasivo) | E5: H03 | F5: 9 | G5: =COUNTIFS(Clientes!$F:$F,A5) -> 7 | H5: =G5/F5 -> 0.77777778 | I5: =IF(H5<0.6,"Verde",IF(H5<=0.8,"Amarillo","Rojo")) -> Amarillo
A6: OADM-RN1-4 | B6: RN1 | C6: Norte | D6: Raisecom RC-OADM CWDM 1:4/1:8 (Pasivo) | E6: H04 | F6: 9 | G6: =COUNTIFS(Clientes!$F:$F,A6) -> 5 | H6: =G6/F6 -> 0.55555556 | I6: =IF(H6<0.6,"Verde",IF(H6<=0.8,"Amarillo","Rojo")) -> Verde
A7: OADM-RN1-5 | B7: RN1 | C7: Norte | D7: Raisecom RC-OADM CWDM 1:4/1:8 (Pasivo) | E7: H05 | F7: 9 | G7: =COUNTIFS(Clientes!$F:$F,A7) -> 2 | H7: =G7/F7 -> 0.22222222 | I7: =IF(H7<0.6,"Verde",IF(H7<=0.8,"Amarillo","Rojo")) -> Verde
A8: OADM-RN3-1 | B8: RN3 | C8: Norte | D8: Raisecom RC-OADM CWDM 1:4/1:8 (Pasivo) | E8: H01 | F8: 9 | G8: =COUNTIFS(Clientes!$F:$F,A8) -> 9 | H8: =G8/F8 -> 1 | I8: =IF(H8<0.6,"Verde",IF(H8<=0.8,"Amarillo","Rojo")) -> Rojo
A9: OADM-RN3-2 | B9: RN3 | C9: Norte | D9: Raisecom RC-OADM CWDM 1:4/1:8 (Pasivo) | E9: H02 | F9: 9 | G9: =COUNTIFS(Clientes!$F:$F,A9) -> 9 | H9: =G9/F9 -> 1 | I9: =IF(H9<0.6,"Verde",IF(H9<=0.8,"Amarillo","Rojo")) -> Rojo
A10: OADM-RN3-3 | B10: RN3 | C10: Norte | D10: Raisecom RC-OADM CWDM 1:4/1:8 (Pasivo) | E10: H03 | F10: 9 | G10: =COUNTIFS(Clientes!$F:$F,A10) -> 8 | H10: =G10/F10 -> 0.88888889 | I10: =IF(H10<0.6,"Verde",IF(H10<=0.8,"Amarillo","Rojo")) -> Rojo
A11: OADM-RN3-4 | B11: RN3 | C11: Norte | D11: Raisecom RC-OADM CWDM 1:4/1:8 (Pasivo) | E11: H04 | F11: 9 | G11: =COUNTIFS(Clientes!$F:$F,A11) -> 5 | H11: =G11/F11 -> 0.55555556 | I11: =IF(H11<0.6,"Verde",IF(H11<=0.8,"Amarillo","Rojo")) -> Verde
A12: OADM-SW-NORTE-1-1 | B12: SW-NORTE-1 | C12: Norte | D12: Raisecom RC-OADM CWDM 1:4/1:8 (Pasivo) | E12: H01 | F12: 9 | G12: =COUNTIFS(Clientes!$F:$F,A12) -> 6 | H12: =G12/F12 -> 0.66666667 | I12: =IF(H12<0.6,"Verde",IF(H12<=0.8,"Amarillo","Rojo")) -> Amarillo
A13: OADM-SW-NORTE-1-2 | B13: SW-NORTE-1 | C13: Norte | D13: Raisecom RC-OADM CWDM 1:4/1:8 (Pasivo) | E13: H02 | F13: 9 | G13: =COUNTIFS(Clientes!$F:$F,A13) -> 5 | H13: =G13/F13 -> 0.55555556 | I13: =IF(H13<0.6,"Verde",IF(H13<=0.8,"Amarillo","Rojo")) -> Verde
A14: OADM-SW-NORTE-1-3 | B14: SW-NORTE-1 | C14: Norte | D14: Raisecom RC-OADM CWDM 1:4/1:8 (Pasivo) | E14: H03 | F14: 9 | G14: =COUNTIFS(Clientes!$F:$F,A14) -> 3 | H14: =G14/F14 -> 0.33333333 | I14: =IF(H14<0.6,"Verde",IF(H14<=0.8,"Amarillo","Rojo")) -> Verde
... A31: OADM-RS8-3 | B31: RS8 | C31: Sur | D31: Raisecom RC-OADM CWDM 1:4/1:8 (Pasivo) | E31: H03 | F31: 9 | G31: =COUNTIFS(Clientes!$F:$F,A31) -> 6 | H31: =G31/F31 -> 0.66666667 | I31: =IF(H31<0.6,"Verde",IF(H31<=0.8,"Amarillo","Rojo")) -> Amarillo

Sheet Enlaces
A1: ENLACES DE TRANSPORTE — ANILLO G.8032 / MPLS-IP
A2: Enlace # | B2: Nodo A | C2: Nodo B | D2: Región | E2: Tecnología | F2: Capacidad (Gbps) | G2: Tráfico (Gbps) | H2: % Utilización
A3: 1 | B3: RN1 | C3: RN2 | D3: Norte | E3: FO Monomodo | F3: 20 | G3: 12.8 | H3: =G3/F3 -> 0.64
A4: 2 | B4: RN1 | C4: RN4 | D4: Norte | E4: FO Monomodo | F4: 10 | G4: 6.4 | H4: =G4/F4 -> 0.64
A5: 3 | B5: RN2 | C5: RN3 | D5: Norte | E5: FO Monomodo | F5: 20 | G5: 16.2 | H5: =G5/F5 -> 0.81
A6: 4 | B6: RN2 | C6: SW-NORTE-1 | D6: Norte | E6: FO Monomodo | F6: 10 | G6: 5.1 | H6: =G6/F6 -> 0.51
A7: 5 | B7: RN3 | C7: RN4 | D7: Norte | E7: FO Monomodo | F7: 10 | G7: 7.3 | H7: =G7/F7 -> 0.73
A8: 6 | B8: RN3 | C8: SW-NORTE-2 | D8: Norte | E8: FO Monomodo | F8: 10 | G8: 7.9 | H8: =G8/F8 -> 0.79
A9: 7 | B9: RN2 | C9: R05 | D9: Norte-Oeste | E9: FO Monomodo | F9: 10 | G9: 4.6 | H9: =G9/F9 -> 0.46
A10: 8 | B10: R05 | C10: R06 | D10: Oeste | E10: FO Monomodo | F10: 10 | G10: 6.7 | H10: =G10/F10 -> 0.67
A11: 9 | B11: R06 | C11: R07 | D11: Oeste-Sur | E11: FO Monomodo | F11: 10 | G11: 8.8 | H11: =G11/F11 -> 0.88
A12: 10 | B12: RN4 | C12: RS9 | D12: Norte-Este | E12: FO Monomodo | F12: 10 | G12: 3.4 | H12: =G12/F12 -> 0.34
A13: 11 | B13: RN3 | C13: RS9 | D13: Norte-Este | E13: FO Monomodo | F13: 10 | G13: 2.9 | H13: =G13/F13 -> 0.29
A14: 12 | B14: R07 | C14: RS8 | D14: Sur | E14: FO Monomodo | F14: 10 | G14: 9.1 | H14: =G14/F14 -> 0.91
... A16: 14 | B16: RS8 | C16: RS9 | D16: Sur | E16: FO Monomodo | F16: 10 | G16: 3.8 | H16: =G16/F16 -> 0.38

Sheet Salidas_Internet
A1: SALIDAS A INTERNET (DRP) — 2 IP TRANSIT + 1 LD MTY
A2: Salida | B2: Tipo | C2: Ubicación | D2: Capacidad (Gbps) | E2: Tráfico (Gbps) | F2: % Utilización
A3: IP Transit 1 | B3: IP Transit | C3: JOLLA / Core | D3: 10 | E3: 8.4 | F3: =E3/D3 -> 0.84
A4: IP Transit 2 | B4: IP Transit | C4: JOLLA / Core | D4: 10 | E4: 5.1 | F4: =E4/D4 -> 0.51
A5: LD Monterrey | B5: Larga Distancia (DRP) | C5: Enlace LD a Mty | D5: 10 | E5: 3.2 | F5: =E5/D5 -> 0.32
A6: TOTAL | D6: =SUM(D3:D5) -> 30 | E6: =SUM(E3:E5) -> 16.7 | F6: =E6/D6 -> 0.55666667

Sheet Clientes
A1: CLIENTES ACTIVOS (CWDM) — REGISTRO OPERATIVO (DATOS DEMO)
A2: Cliente_ID | B2: Nombre | C2: Segmento | D2: Región | E2: Nodo Hub | F2: OADM_ID | G2: Lambda (nm) | H2: Velocidad (Mbps) | I2: Hilo FO | J2: Estado
A3: CL0001 | B3: Cliente NOR-001 | C3: Micro | D3: Norte | E3: RN1 | F3: OADM-RN1-1 | G3: 1270 | H3: 20 | I3: H01 | J3: Activo
A4: CL0002 | B4: Cliente NOR-002 | C4: Micro | D4: Norte | E4: RN1 | F4: OADM-RN1-1 | G4: 1290 | H4: 20 | I4: H01 | J4: Activo
A5: CL0003 | B5: Cliente NOR-003 | C5: Micro | D5: Norte | E5: RN1 | F5: OADM-RN1-1 | G5: 1310 | H5: 20 | I5: H01 | J5: Activo
A6: CL0004 | B6: Cliente NOR-004 | C6: PyMe | D6: Norte | E6: RN1 | F6: OADM-RN1-1 | G6: 1330 | H6: 100 | I6: H01 | J6: Activo
A7: CL0005 | B7: Cliente NOR-005 | C7: Micro | D7: Norte | E7: RN1 | F7: OADM-RN1-1 | G7: 1350 | H7: 20 | I7: H01 | J7: Activo
A8: CL0006 | B8: Cliente NOR-006 | C8: Micro | D8: Norte | E8: RN1 | F8: OADM-RN1-1 | G8: 1370 | H8: 20 | I8: H01 | J8: Activo
A9: CL0007 | B9: Cliente NOR-007 | C9: PyMe | D9: Norte | E9: RN1 | F9: OADM-RN1-1 | G9: 1390 | H9: 100 | I9: H01 | J9: Activo
A10: CL0008 | B10: Cliente NOR-008 | C10: Micro | D10: Norte | E10: RN1 | F10: OADM-RN1-1 | G10: 1410 | H10: 20 | I10: H01 | J10: Activo
A11: CL0009 | B11: Cliente NOR-009 | C11: Micro | D11: Norte | E11: RN1 | F11: OADM-RN1-1 | G11: 1430 | H11: 20 | I11: H01 | J11: Activo
A12: CL0010 | B12: Cliente NOR-010 | C12: Micro | D12: Norte | E12: RN1 | F12: OADM-RN1-2 | G12: 1270 | H12: 20 | I12: H02 | J12: Activo
A13: CL0011 | B13: Cliente NOR-011 | C13: Empresarial | D13: Norte | E13: RN1 | F13: OADM-RN1-2 | G13: 1290 | H13: 200 | I13: H02 | J13: Activo
A14: CL0012 | B14: Cliente NOR-012 | C14: Micro | D14: Norte | E14: RN1 | F14: OADM-RN1-2 | G14: 1310 | H14: 20 | I14: H02 | J14: Activo
... A182: CL0180 | B182: Cliente SUR-180 | C182: Micro | D182: Sur | E182: RS8 | F182: OADM-RS8-3 | G182: 1370 | H182: 20 | I182: H03 | J182: Activo
